id,name,dataset,time_limit,memory_limit,rating,tags,complexity
p02546,AtCoder Beginner Contest 179 - Plural Form,AtCoder,2000.0,1048576.0,,,
p02547,AtCoder Beginner Contest 179 - Go to Jail,AtCoder,2000.0,1048576.0,,,
p02548,AtCoder Beginner Contest 179 - A x B + C,AtCoder,2000.0,1048576.0,,,
p02549,AtCoder Beginner Contest 179 - Leaping Tak,AtCoder,2000.0,1048576.0,,,
p02550,AtCoder Beginner Contest 179 - Sequence Sum,AtCoder,2000.0,1048576.0,,,
p02551,AtCoder Beginner Contest 179 - Simplified Reversi,AtCoder,2000.0,1048576.0,,,
p02552,AtCoder Beginner Contest 178 - Not,AtCoder,2000.0,1048576.0,,,
p02553,AtCoder Beginner Contest 178 - Product Max,AtCoder,2000.0,1048576.0,,,
p02554,AtCoder Beginner Contest 178 - Ubiquity,AtCoder,2000.0,1048576.0,,,
p02555,AtCoder Beginner Contest 178 - Redistribution,AtCoder,2000.0,1048576.0,,,
p02556,AtCoder Beginner Contest 178 - Dist Max,AtCoder,2000.0,1048576.0,,,
p02557,AtCoder Beginner Contest 178 - Contrast,AtCoder,2000.0,1048576.0,,,
p02570,AtCoder Beginner Contest 177 - Don't be late,AtCoder,2000.0,1048576.0,,,
p02571,AtCoder Beginner Contest 177 - Substring,AtCoder,2000.0,1048576.0,,,
p02572,AtCoder Beginner Contest 177 - Sum of product of pairs,AtCoder,2000.0,1048576.0,,,
p02573,AtCoder Beginner Contest 177 - Friends,AtCoder,2000.0,1048576.0,,,
p02574,AtCoder Beginner Contest 177 - Coprime,AtCoder,2000.0,1048576.0,,,
p02575,AtCoder Beginner Contest 177 - I hate Shortest Path Problem,AtCoder,2000.0,1048576.0,,,
p02576,AtCoder Beginner Contest 176 - Takoyaki,AtCoder,2000.0,1048576.0,,,
p02577,AtCoder Beginner Contest 176 - Multiple of 9,AtCoder,2000.0,1048576.0,,,
p02578,AtCoder Beginner Contest 176 - Step,AtCoder,2000.0,1048576.0,,,
p02579,AtCoder Beginner Contest 176 - Wizard in Maze,AtCoder,2000.0,1048576.0,,,
p02580,AtCoder Beginner Contest 176 - Bomber,AtCoder,3000.0,1048576.0,,,
p02581,AtCoder Beginner Contest 176 - Brave CHAIN,AtCoder,2000.0,1048576.0,,,
p02582,AtCoder Beginner Contest 175 - Rainy Season,AtCoder,2000.0,1048576.0,,,
p02583,AtCoder Beginner Contest 175 - Making Triangle,AtCoder,2000.0,1048576.0,,,
p02584,AtCoder Beginner Contest 175 - Walking Takahashi,AtCoder,2000.0,1048576.0,,,
p02585,AtCoder Beginner Contest 175 - Moving Piece,AtCoder,3000.0,1048576.0,,,
p02586,AtCoder Beginner Contest 175 - Picking Goods,AtCoder,3000.0,1048576.0,,,
p02587,AtCoder Beginner Contest 175 - Making Palindrome,AtCoder,2000.0,1048576.0,,,
p02594,AtCoder Beginner Contest 174 - Air Conditioner,AtCoder,2000.0,1048576.0,,,
p02595,AtCoder Beginner Contest 174 - Distance,AtCoder,2000.0,1048576.0,,,
p02596,AtCoder Beginner Contest 174 - Repsept,AtCoder,2000.0,1048576.0,,,
p02597,AtCoder Beginner Contest 174 - Alter Altar,AtCoder,2000.0,1048576.0,,,
p02598,AtCoder Beginner Contest 174 - Logs,AtCoder,2000.0,1048576.0,,,
p02599,AtCoder Beginner Contest 174 - Range Set Query,AtCoder,2000.0,1048576.0,,,
p02612,AtCoder Beginner Contest 173 - Payment,AtCoder,2000.0,1048576.0,,,
p02613,AtCoder Beginner Contest 173 - Judge Status Summary,AtCoder,2000.0,1048576.0,,,
p02614,AtCoder Beginner Contest 173 - H and V,AtCoder,1000.0,1048576.0,,,
p02615,AtCoder Beginner Contest 173 - Chat in a Circle,AtCoder,2000.0,1048576.0,,,
p02616,AtCoder Beginner Contest 173 - Multiplication 4,AtCoder,2000.0,1048576.0,,,
p02617,AtCoder Beginner Contest 173 - Intervals on Tree,AtCoder,2000.0,1048576.0,,,
p02621,AtCoder Beginner Contest 172 - Calc,AtCoder,2000.0,1048576.0,,,
p02622,AtCoder Beginner Contest 172 - Minor Change,AtCoder,2000.0,1048576.0,,,
p02623,AtCoder Beginner Contest 172 - Tsundoku,AtCoder,2000.0,1048576.0,,,
p02624,AtCoder Beginner Contest 172 - Sum of Divisors,AtCoder,3000.0,1048576.0,,,
p02625,AtCoder Beginner Contest 172 - NEQ,AtCoder,2000.0,1048576.0,,,
p02626,AtCoder Beginner Contest 172 - Unfair Nim,AtCoder,2000.0,1048576.0,,,
p02627,AtCoder Beginner Contest 171 - αlphabet,AtCoder,2000.0,1048576.0,,,
p02628,AtCoder Beginner Contest 171 - Mix Juice,AtCoder,2000.0,1048576.0,,,
p02629,AtCoder Beginner Contest 171 - One Quadrillion and One Dalmatians,AtCoder,2000.0,1048576.0,,,
p02630,AtCoder Beginner Contest 171 - Replacing,AtCoder,2000.0,1048576.0,,,
p02631,AtCoder Beginner Contest 171 - Red Scarf,AtCoder,2000.0,1048576.0,,,
p02632,AtCoder Beginner Contest 171 - Strivore,AtCoder,2000.0,1048576.0,,,
p02639,AtCoder Beginner Contest 170 - Five Variables,AtCoder,2000.0,1048576.0,,,
p02640,AtCoder Beginner Contest 170 - Crane and Turtle,AtCoder,2000.0,1048576.0,,,
p02641,AtCoder Beginner Contest 170 - Forbidden List,AtCoder,2000.0,1048576.0,,,
p02642,AtCoder Beginner Contest 170 - Not Divisible,AtCoder,2000.0,1048576.0,,,
p02643,AtCoder Beginner Contest 170 - Smart Infants,AtCoder,3500.0,1048576.0,,,
p02644,AtCoder Beginner Contest 170 - Pond Skater,AtCoder,3000.0,1048576.0,,,
p02657,AtCoder Beginner Contest 169 - Multiplication 1,AtCoder,2000.0,1048576.0,,,
p02658,AtCoder Beginner Contest 169 - Multiplication 2,AtCoder,2000.0,1048576.0,,,
p02659,AtCoder Beginner Contest 169 - Multiplication 3,AtCoder,2000.0,1048576.0,,,
p02660,AtCoder Beginner Contest 169 - Div Game,AtCoder,2000.0,1048576.0,,,
p02661,AtCoder Beginner Contest 169 - Count Median,AtCoder,2000.0,1048576.0,,,
p02662,AtCoder Beginner Contest 169 - Knapsack for All Subsets,AtCoder,2000.0,1048576.0,,,
p02675,AtCoder Beginner Contest 168 - ∴ (Therefore),AtCoder,2000.0,1048576.0,,,
p02676,AtCoder Beginner Contest 168 - ... (Triple Dots),AtCoder,2000.0,1048576.0,,,
p02677,AtCoder Beginner Contest 168 - : (Colon),AtCoder,2000.0,1048576.0,,,
p02678,AtCoder Beginner Contest 168 - .. (Double Dots),AtCoder,2000.0,1048576.0,,,
p02679,AtCoder Beginner Contest 168 - ∙ (Bullet),AtCoder,2000.0,1048576.0,,,
p02680,AtCoder Beginner Contest 168 - . (Single Dot),AtCoder,3000.0,1048576.0,,,
p02681,AtCoder Beginner Contest 167 - Registration,AtCoder,2000.0,1048576.0,,,
p02682,AtCoder Beginner Contest 167 - Easy Linear Programming,AtCoder,2000.0,1048576.0,,,
p02683,AtCoder Beginner Contest 167 - Skill Up,AtCoder,2000.0,1048576.0,,,
p02684,AtCoder Beginner Contest 167 - Teleporter,AtCoder,2000.0,1048576.0,,,
p02685,AtCoder Beginner Contest 167 - Colorful Blocks,AtCoder,2000.0,1048576.0,,,
p02686,AtCoder Beginner Contest 167 - Bracket Sequencing,AtCoder,2000.0,1048576.0,,,
p02687,AtCoder Beginner Contest 166 - A?C,AtCoder,2000.0,1048576.0,,,
p02688,AtCoder Beginner Contest 166 - Trick or Treat,AtCoder,2000.0,1048576.0,,,
p02689,AtCoder Beginner Contest 166 - Peaks,AtCoder,2000.0,1048576.0,,,
p02690,AtCoder Beginner Contest 166 - I hate Factorization,AtCoder,2000.0,1048576.0,,,
p02691,AtCoder Beginner Contest 166 - This Message Will Self-Destruct in 5s,AtCoder,2000.0,1048576.0,,,
p02692,AtCoder Beginner Contest 166 - Three Variables Game,AtCoder,2000.0,1048576.0,,,
p02693,AtCoder Beginner Contest 165 - We Love Golf,AtCoder,2000.0,1048576.0,,,
p02694,AtCoder Beginner Contest 165 - 1%,AtCoder,2000.0,1048576.0,,,
p02695,AtCoder Beginner Contest 165 - Many Requirements,AtCoder,2000.0,1048576.0,,,
p02696,AtCoder Beginner Contest 165 - Floor Function,AtCoder,2000.0,1048576.0,,,
p02697,AtCoder Beginner Contest 165 - Rotation Matching,AtCoder,2000.0,1048576.0,,,
p02698,AtCoder Beginner Contest 165 - LIS on Tree,AtCoder,2000.0,1048576.0,,,
p02699,AtCoder Beginner Contest 164 - Sheep and Wolves,AtCoder,2000.0,1048576.0,,,
p02700,AtCoder Beginner Contest 164 - Battle,AtCoder,2000.0,1048576.0,,,
p02701,AtCoder Beginner Contest 164 - gacha,AtCoder,2000.0,1048576.0,,,
p02702,AtCoder Beginner Contest 164 - Multiple of 2019,AtCoder,2000.0,1048576.0,,,
p02703,AtCoder Beginner Contest 164 - Two Currencies,AtCoder,2000.0,1048576.0,,,
p02704,AtCoder Beginner Contest 164 - I hate Matrix Construction,AtCoder,2000.0,1048576.0,,,
p02705,AtCoder Beginner Contest 163 - Circle Pond,AtCoder,2000.0,1048576.0,,,
p02706,AtCoder Beginner Contest 163 - Homework,AtCoder,2000.0,1048576.0,,,
p02707,AtCoder Beginner Contest 163 - management,AtCoder,2000.0,1048576.0,,,
p02708,AtCoder Beginner Contest 163 - Sum of Large Numbers,AtCoder,2000.0,1048576.0,,,
p02709,AtCoder Beginner Contest 163 - Active Infants,AtCoder,2000.0,1048576.0,,,
p02710,AtCoder Beginner Contest 163 - path pass i,AtCoder,2000.0,1048576.0,,,
p02711,AtCoder Beginner Contest 162 - Lucky 7,AtCoder,2000.0,1048576.0,,,
p02712,AtCoder Beginner Contest 162 - FizzBuzz Sum,AtCoder,2000.0,1048576.0,,,
p02713,AtCoder Beginner Contest 162 - Sum of gcd of Tuples (Easy),AtCoder,2000.0,1048576.0,,,
p02714,AtCoder Beginner Contest 162 - RGB Triplets,AtCoder,2000.0,1048576.0,,,
p02715,AtCoder Beginner Contest 162 - Sum of gcd of Tuples (Hard),AtCoder,2000.0,1048576.0,,,
p02716,AtCoder Beginner Contest 162 - Select Half,AtCoder,2000.0,1048576.0,,,
p02717,AtCoder Beginner Contest 161 - ABC Swap,AtCoder,2000.0,1048576.0,,,
p02718,AtCoder Beginner Contest 161 - Popular Vote,AtCoder,2000.0,1048576.0,,,
p02719,AtCoder Beginner Contest 161 - Replacing Integer,AtCoder,2000.0,1048576.0,,,
p02720,AtCoder Beginner Contest 161 - Lunlun Number,AtCoder,2000.0,1048576.0,,,
p02721,AtCoder Beginner Contest 161 - Yutori,AtCoder,2000.0,1048576.0,,,
p02722,AtCoder Beginner Contest 161 - Division or Subtraction,AtCoder,2000.0,1048576.0,,,
p02723,AtCoder Beginner Contest 160 - Coffee,AtCoder,2000.0,1048576.0,,,
p02724,AtCoder Beginner Contest 160 - Golden Coins,AtCoder,2000.0,1048576.0,,,
p02725,AtCoder Beginner Contest 160 - Traveling Salesman around Lake,AtCoder,2000.0,1048576.0,,,
p02726,AtCoder Beginner Contest 160 - Line++,AtCoder,2000.0,1048576.0,,,
p02727,AtCoder Beginner Contest 160 - Red and Green Apples,AtCoder,2000.0,1048576.0,,,
p02728,AtCoder Beginner Contest 160 - Distributing Integers,AtCoder,3000.0,1048576.0,,,
p02729,AtCoder Beginner Contest 159 - The Number of Even Pairs,AtCoder,2000.0,1048576.0,,,
p02730,AtCoder Beginner Contest 159 - String Palindrome,AtCoder,2000.0,1048576.0,,,
p02731,AtCoder Beginner Contest 159 - Maximum Volume,AtCoder,2000.0,1048576.0,,,
p02732,AtCoder Beginner Contest 159 - Banned K,AtCoder,2000.0,1048576.0,,,
p02733,AtCoder Beginner Contest 159 - Dividing Chocolate,AtCoder,2000.0,1048576.0,,,
p02734,AtCoder Beginner Contest 159 - Knapsack for All Segments,AtCoder,2000.0,1048576.0,,,
p02753,AtCoder Beginner Contest 158 - Station and Bus,AtCoder,2000.0,1048576.0,,,
p02754,AtCoder Beginner Contest 158 - Count Balls,AtCoder,2000.0,1048576.0,,,
p02755,AtCoder Beginner Contest 158 - Tax Increase,AtCoder,2000.0,1048576.0,,,
p02756,AtCoder Beginner Contest 158 - String Formation,AtCoder,2000.0,1048576.0,,,
p02757,AtCoder Beginner Contest 158 - Divisible Substring,AtCoder,2000.0,1048576.0,,,
p02758,AtCoder Beginner Contest 158 - Removing Robots,AtCoder,2000.0,1048576.0,,,
p02759,AtCoder Beginner Contest 157 - Duplex Printing,AtCoder,2000.0,1048576.0,,,
p02760,AtCoder Beginner Contest 157 - Bingo,AtCoder,2000.0,1048576.0,,,
p02761,AtCoder Beginner Contest 157 - Guess The Number,AtCoder,2000.0,1048576.0,,,
p02762,AtCoder Beginner Contest 157 - Friend Suggestions,AtCoder,2000.0,1048576.0,,,
p02763,AtCoder Beginner Contest 157 - Simple String Queries,AtCoder,2000.0,1048576.0,,,
p02764,AtCoder Beginner Contest 157 - Yakiniku Optimization Problem,AtCoder,2000.0,1048576.0,,,
p02765,AtCoder Beginner Contest 156 - Beginner,AtCoder,2000.0,1048576.0,,,
p02766,AtCoder Beginner Contest 156 - Digits,AtCoder,2000.0,1048576.0,,,
p02767,AtCoder Beginner Contest 156 - Rally,AtCoder,2000.0,1048576.0,,,
p02768,AtCoder Beginner Contest 156 - Bouquet,AtCoder,2000.0,1048576.0,,,
p02769,AtCoder Beginner Contest 156 - Roaming,AtCoder,2000.0,1048576.0,,,
p02770,AtCoder Beginner Contest 156 - Modularness,AtCoder,2000.0,1048576.0,,,
p02771,AtCoder Beginner Contest 155 - Poor,AtCoder,2000.0,1048576.0,,,
p02772,AtCoder Beginner Contest 155 - Papers  Please,AtCoder,2000.0,1048576.0,,,
p02773,AtCoder Beginner Contest 155 - Poll,AtCoder,2000.0,1048576.0,,,
p02774,AtCoder Beginner Contest 155 - Pairs,AtCoder,2000.0,1048576.0,,,
p02775,AtCoder Beginner Contest 155 - Payment,AtCoder,2000.0,1048576.0,,,
p02776,AtCoder Beginner Contest 155 - Perils in Parallel,AtCoder,2000.0,1048576.0,,,
p02777,AtCoder Beginner Contest 154 - Remaining Balls,AtCoder,2000.0,1048576.0,,,
p02778,AtCoder Beginner Contest 154 - I miss you...,AtCoder,2000.0,1048576.0,,,
p02779,AtCoder Beginner Contest 154 - Distinct or Not,AtCoder,2000.0,1048576.0,,,
p02780,AtCoder Beginner Contest 154 - Dice in Line,AtCoder,2000.0,1048576.0,,,
p02781,AtCoder Beginner Contest 154 - Almost Everywhere Zero,AtCoder,2000.0,1048576.0,,,
p02782,AtCoder Beginner Contest 154 - Many Many Paths,AtCoder,2000.0,1048576.0,,,
p02783,AtCoder Beginner Contest 153 - Serval vs Monster,AtCoder,2000.0,1048576.0,,,
p02784,AtCoder Beginner Contest 153 - Common Raccoon vs Monster,AtCoder,2000.0,1048576.0,,,
p02785,AtCoder Beginner Contest 153 - Fennec vs Monster,AtCoder,2000.0,1048576.0,,,
p02786,AtCoder Beginner Contest 153 - Caracal vs Monster,AtCoder,2000.0,1048576.0,,,
p02787,AtCoder Beginner Contest 153 - Crested Ibis vs Monster,AtCoder,2000.0,1048576.0,,,
p02788,AtCoder Beginner Contest 153 - Silver Fox vs Monster,AtCoder,2000.0,1048576.0,,,
p02789,AtCoder Beginner Contest 152 - AC or WA,AtCoder,2000.0,1048576.0,,,
p02790,AtCoder Beginner Contest 152 - Comparing Strings,AtCoder,2000.0,1048576.0,,,
p02791,AtCoder Beginner Contest 152 - Low Elements,AtCoder,2000.0,1048576.0,,,
p02792,AtCoder Beginner Contest 152 - Handstand 2,AtCoder,2000.0,1048576.0,,,
p02793,AtCoder Beginner Contest 152 - Flatten,AtCoder,2000.0,1048576.0,,,
p02794,AtCoder Beginner Contest 152 - Tree and Constraints,AtCoder,4000.0,1048576.0,,,
p02801,AtCoder Beginner Contest 151 - Next Alphabet,AtCoder,2000.0,1048576.0,,,
p02802,AtCoder Beginner Contest 151 - Welcome to AtCoder,AtCoder,2000.0,1048576.0,,,
p02803,AtCoder Beginner Contest 151 - Maze Master,AtCoder,2000.0,1048576.0,,,
p02804,AtCoder Beginner Contest 151 - Max-Min Sums,AtCoder,2000.0,1048576.0,,,
p02805,AtCoder Beginner Contest 151 - Enclose All,AtCoder,2000.0,1048576.0,,,
p02811,AtCoder Beginner Contest 150 - 500 Yen Coins,AtCoder,2000.0,1048576.0,,,
p02812,AtCoder Beginner Contest 150 - Count ABC,AtCoder,2000.0,1048576.0,,,
p02813,AtCoder Beginner Contest 150 - Count Order,AtCoder,2000.0,1048576.0,,,
p02814,AtCoder Beginner Contest 150 - Semi Common Multiple,AtCoder,2000.0,1048576.0,,,
p02815,AtCoder Beginner Contest 150 - Change a Little Bit,AtCoder,2000.0,1048576.0,,,
p02816,AtCoder Beginner Contest 150 - Xor Shift,AtCoder,2000.0,1048576.0,,,
p02817,AtCoder Beginner Contest 149 - Strings,AtCoder,2000.0,1048576.0,,,
p02818,AtCoder Beginner Contest 149 - Greedy Takahashi,AtCoder,2000.0,1048576.0,,,
p02819,AtCoder Beginner Contest 149 - Next Prime,AtCoder,2000.0,1048576.0,,,
p02820,AtCoder Beginner Contest 149 - Prediction and Restriction,AtCoder,2000.0,1048576.0,,,
p02821,AtCoder Beginner Contest 149 - Handshake,AtCoder,2000.0,1048576.0,,,
p02822,AtCoder Beginner Contest 149 - Surrounded Nodes,AtCoder,2000.0,1048576.0,,,
p02829,AtCoder Beginner Contest 148 - Round One,AtCoder,2000.0,1048576.0,,,
p02830,AtCoder Beginner Contest 148 - Strings with the Same Length,AtCoder,2000.0,1048576.0,,,
p02831,AtCoder Beginner Contest 148 - Snack,AtCoder,2000.0,1048576.0,,,
p02832,AtCoder Beginner Contest 148 - Brick Break,AtCoder,2000.0,1048576.0,,,
p02833,AtCoder Beginner Contest 148 - Double Factorial,AtCoder,2000.0,1048576.0,,,
p02834,AtCoder Beginner Contest 148 - Playing Tag on Tree,AtCoder,2000.0,1048576.0,,,
p02835,AtCoder Beginner Contest 147 - Blackjack,AtCoder,2000.0,1048576.0,,,
p02836,AtCoder Beginner Contest 147 - Palindrome-philia,AtCoder,2000.0,1048576.0,,,
p02837,AtCoder Beginner Contest 147 - HonestOrUnkind2,AtCoder,2000.0,1048576.0,,,
p02838,AtCoder Beginner Contest 147 - Xor Sum 4,AtCoder,2000.0,1048576.0,,,
p02839,AtCoder Beginner Contest 147 - Balanced Path,AtCoder,2000.0,1048576.0,,,
p02840,AtCoder Beginner Contest 147 - Sum Difference,AtCoder,2000.0,1048576.0,,,
p02847,AtCoder Beginner Contest 146 - Can't Wait for Holiday,AtCoder,2000.0,1048576.0,,,
p02848,AtCoder Beginner Contest 146 - ROT N,AtCoder,2000.0,1048576.0,,,
p02849,AtCoder Beginner Contest 146 - Buy an Integer,AtCoder,2000.0,1048576.0,,,
p02850,AtCoder Beginner Contest 146 - Coloring Edges on Tree,AtCoder,2000.0,1048576.0,,,
p02851,AtCoder Beginner Contest 146 - Rem of Sum is Num,AtCoder,2000.0,1048576.0,,,
p02852,AtCoder Beginner Contest 146 - Sugoroku,AtCoder,2000.0,1048576.0,,,
p02859,AtCoder Beginner Contest 145 - Circle,AtCoder,2000.0,1048576.0,,,
p02860,AtCoder Beginner Contest 145 - Echo,AtCoder,2000.0,1048576.0,,,
p02861,AtCoder Beginner Contest 145 - Average Length,AtCoder,2000.0,1048576.0,,,
p02862,AtCoder Beginner Contest 145 - Knight,AtCoder,2000.0,1048576.0,,,
p02863,AtCoder Beginner Contest 145 - All-you-can-eat,AtCoder,2000.0,1048576.0,,,
p02864,AtCoder Beginner Contest 145 - Laminate,AtCoder,2000.0,1048576.0,,,
p02879,AtCoder Beginner Contest 144 - 9x9,AtCoder,2000.0,1048576.0,,,
p02880,AtCoder Beginner Contest 144 - 81,AtCoder,2000.0,1048576.0,,,
p02881,AtCoder Beginner Contest 144 - Walk on Multiplication Table,AtCoder,2000.0,1048576.0,,,
p02882,AtCoder Beginner Contest 144 - Water Bottle,AtCoder,2000.0,1048576.0,,,
p02883,AtCoder Beginner Contest 144 - Gluttony,AtCoder,2000.0,1048576.0,,,
p02884,AtCoder Beginner Contest 144 - Fork in the Road,AtCoder,2000.0,1048576.0,,,
p02885,AtCoder Beginner Contest 143 - Curtain,AtCoder,2000.0,1048576.0,,,
p02886,AtCoder Beginner Contest 143 - TAKOYAKI FESTIVAL 2019,AtCoder,2000.0,1048576.0,,,
p02887,AtCoder Beginner Contest 143 - Slimes,AtCoder,2000.0,1048576.0,,,
p02888,AtCoder Beginner Contest 143 - Triangles,AtCoder,2000.0,1048576.0,,,
p02889,AtCoder Beginner Contest 143 - Travel by Car,AtCoder,2000.0,1048576.0,,,
p02890,AtCoder Beginner Contest 143 - Distinct Numbers,AtCoder,2000.0,1048576.0,,,
p02897,AtCoder Beginner Contest 142 - Odds of Oddness,AtCoder,2000.0,1048576.0,,,
p02898,AtCoder Beginner Contest 142 - Roller Coaster,AtCoder,2000.0,1048576.0,,,
p02899,AtCoder Beginner Contest 142 - Go to School,AtCoder,2000.0,1048576.0,,,
p02900,AtCoder Beginner Contest 142 - Disjoint Set of Common Divisors,AtCoder,2000.0,1048576.0,,,
p02901,AtCoder Beginner Contest 142 - Get Everything,AtCoder,2000.0,1048576.0,,,
p02902,AtCoder Beginner Contest 142 - Pure,AtCoder,2000.0,1048576.0,,,
p02909,AtCoder Beginner Contest 141 - Weather Prediction,AtCoder,2000.0,1048576.0,,,
p02910,AtCoder Beginner Contest 141 - Tap Dance,AtCoder,2000.0,1048576.0,,,
p02911,AtCoder Beginner Contest 141 - Attack Survival,AtCoder,2000.0,1048576.0,,,
p02912,AtCoder Beginner Contest 141 - Powerful Discount Tickets,AtCoder,2000.0,1048576.0,,,
p02913,AtCoder Beginner Contest 141 - Who Says a Pun?,AtCoder,2000.0,1048576.0,,,
p02914,AtCoder Beginner Contest 141 - Xor Sum 3,AtCoder,2000.0,1048576.0,,,
p02915,AtCoder Beginner Contest 140 - Password,AtCoder,2000.0,1048576.0,,,
p02916,AtCoder Beginner Contest 140 - Buffet,AtCoder,2000.0,1048576.0,,,
p02917,AtCoder Beginner Contest 140 - Maximal Value,AtCoder,2000.0,1048576.0,,,
p02918,AtCoder Beginner Contest 140 - Face Produces Unhappiness,AtCoder,2000.0,1048576.0,,,
p02919,AtCoder Beginner Contest 140 - Second Sum,AtCoder,2000.0,1048576.0,,,
p02920,AtCoder Beginner Contest 140 - Many Slimes,AtCoder,2000.0,1048576.0,,,
p02921,AtCoder Beginner Contest 139 - Tenki,AtCoder,2000.0,1048576.0,,,
p02922,AtCoder Beginner Contest 139 - Power Socket,AtCoder,2000.0,1048576.0,,,
p02923,AtCoder Beginner Contest 139 - Lower,AtCoder,2000.0,1048576.0,,,
p02924,AtCoder Beginner Contest 139 - ModSum,AtCoder,2000.0,1048576.0,,,
p02925,AtCoder Beginner Contest 139 - League,AtCoder,2000.0,1048576.0,,,
p02926,AtCoder Beginner Contest 139 - Engines,AtCoder,2000.0,1048576.0,,,
p02933,AtCoder Beginner Contest 138 - Red or Not,AtCoder,2000.0,1048576.0,,,
p02934,AtCoder Beginner Contest 138 - Resistors in Parallel,AtCoder,2000.0,1048576.0,,,
p02935,AtCoder Beginner Contest 138 - Alchemist,AtCoder,2000.0,1048576.0,,,
p02936,AtCoder Beginner Contest 138 - Ki,AtCoder,2000.0,1048576.0,,,
p02937,AtCoder Beginner Contest 138 - Strings of Impurity,AtCoder,2000.0,1048576.0,,,
p02938,AtCoder Beginner Contest 138 - Coincidence,AtCoder,2000.0,1048576.0,,,
p02945,AtCoder Beginner Contest 137 - +-x,AtCoder,2000.0,1048576.0,,,
p02946,AtCoder Beginner Contest 137 - One Clue,AtCoder,2000.0,1048576.0,,,
p02947,AtCoder Beginner Contest 137 - Green Bin,AtCoder,2000.0,1048576.0,,,
p02948,AtCoder Beginner Contest 137 - Summer Vacation,AtCoder,2000.0,1048576.0,,,
p02949,AtCoder Beginner Contest 137 - Coins Respawn,AtCoder,2000.0,1048576.0,,,
p02950,AtCoder Beginner Contest 137 - Polynomial Construction,AtCoder,2000.0,1048576.0,,,
p02951,AtCoder Beginner Contest 136 - Transfer,AtCoder,2000.0,1048576.0,,,
p02952,AtCoder Beginner Contest 136 - Uneven Numbers,AtCoder,2000.0,1048576.0,,,
p02953,AtCoder Beginner Contest 136 - Build Stairs,AtCoder,2000.0,1048576.0,,,
p02954,AtCoder Beginner Contest 136 - Gathering Children,AtCoder,2000.0,1048576.0,,,
p02955,AtCoder Beginner Contest 136 - Max GCD,AtCoder,2000.0,1048576.0,,,
p02956,AtCoder Beginner Contest 136 - Enclosed Points,AtCoder,2000.0,1048576.0,,,
p02957,AtCoder Beginner Contest 135 - Harmony,AtCoder,2000.0,1048576.0,,,
p02958,AtCoder Beginner Contest 135 - 0 or 1 Swap,AtCoder,2000.0,1048576.0,,,
p02959,AtCoder Beginner Contest 135 - City Savers,AtCoder,2000.0,1048576.0,,,
p02960,AtCoder Beginner Contest 135 - Digits Parade,AtCoder,2000.0,1048576.0,,,
p02961,AtCoder Beginner Contest 135 - Golf,AtCoder,2000.0,1048576.0,,,
p02962,AtCoder Beginner Contest 135 - Strings of Eternity,AtCoder,2000.0,1048576.0,,,
p02969,AtCoder Beginner Contest 134 - Dodecagon,AtCoder,2000.0,1048576.0,,,
p02970,AtCoder Beginner Contest 134 - Golden Apple,AtCoder,2000.0,1048576.0,,,
p02971,AtCoder Beginner Contest 134 - Exception Handling,AtCoder,2000.0,1048576.0,,,
p02972,AtCoder Beginner Contest 134 - Preparing Boxes,AtCoder,2000.0,1048576.0,,,
p02973,AtCoder Beginner Contest 134 - Sequence Decomposing,AtCoder,2000.0,1048576.0,,,
p02974,AtCoder Beginner Contest 134 - Permutation Oddness,AtCoder,2000.0,1048576.0,,,
p02981,AtCoder Beginner Contest 133 - T or T,AtCoder,2000.0,1048576.0,,,
p02982,AtCoder Beginner Contest 133 - Good Distance,AtCoder,2000.0,1048576.0,,,
p02983,AtCoder Beginner Contest 133 - Remainder Minimization 2019,AtCoder,2000.0,1048576.0,,,
p02984,AtCoder Beginner Contest 133 - Rain Flows into Dams,AtCoder,2000.0,1048576.0,,,
p02985,AtCoder Beginner Contest 133 - Virus Tree 2,AtCoder,2000.0,1048576.0,,,
p02986,AtCoder Beginner Contest 133 - Colorful Tree,AtCoder,4000.0,1048576.0,,,
p02987,AtCoder Beginner Contest 132 - Fifty-Fifty,AtCoder,2000.0,1048576.0,,,
p02988,AtCoder Beginner Contest 132 - Ordinary Number,AtCoder,2000.0,1048576.0,,,
p02989,AtCoder Beginner Contest 132 - Divide the Problems,AtCoder,2000.0,1048576.0,,,
p02990,AtCoder Beginner Contest 132 - Blue and Red Balls,AtCoder,2000.0,1048576.0,,,
p02991,AtCoder Beginner Contest 132 - Hopscotch Addict,AtCoder,2000.0,1048576.0,,,
p02992,AtCoder Beginner Contest 132 - Small Products,AtCoder,2000.0,1048576.0,,,
p02993,AtCoder Beginner Contest 131 - Security,AtCoder,2000.0,1048576.0,,,
p02994,AtCoder Beginner Contest 131 - Bite Eating,AtCoder,2000.0,1048576.0,,,
p02995,AtCoder Beginner Contest 131 - Anti-Division,AtCoder,2000.0,1048576.0,,,
p02996,AtCoder Beginner Contest 131 - Megalomania,AtCoder,2000.0,1048576.0,,,
p02997,AtCoder Beginner Contest 131 - Friendships,AtCoder,2000.0,1048576.0,,,
p02998,AtCoder Beginner Contest 131 - Must Be Rectangular!,AtCoder,2000.0,1048576.0,,,
p02999,AtCoder Beginner Contest 130 - Rounding,AtCoder,2000.0,1048576.0,,,
p03000,AtCoder Beginner Contest 130 - Bounding,AtCoder,2000.0,1048576.0,,,
p03001,AtCoder Beginner Contest 130 - Rectangle Cutting,AtCoder,2000.0,1048576.0,,,
p03002,AtCoder Beginner Contest 130 - Enough Array,AtCoder,2000.0,1048576.0,,,
p03003,AtCoder Beginner Contest 130 - Common Subsequence,AtCoder,2000.0,1048576.0,,,
p03004,AtCoder Beginner Contest 130 - Minimum Bounding Box,AtCoder,5000.0,1048576.0,,,
p03011,AtCoder Beginner Contest 129 - Airplane,AtCoder,2000.0,1048576.0,,,
p03012,AtCoder Beginner Contest 129 - Balance,AtCoder,2000.0,1048576.0,,,
p03013,AtCoder Beginner Contest 129 - Typical Stairs,AtCoder,2000.0,1048576.0,,,
p03014,AtCoder Beginner Contest 129 - Lamp,AtCoder,2000.0,1048576.0,,,
p03015,AtCoder Beginner Contest 129 - Sum Equals Xor,AtCoder,2000.0,1048576.0,,,
p03016,AtCoder Beginner Contest 129 - Takahashi's Basics in Education and Learning,AtCoder,3000.0,1048576.0,,,
p03029,AtCoder Beginner Contest 128 - Apple Pie,AtCoder,2000.0,1048576.0,,,
p03030,AtCoder Beginner Contest 128 - Guidebook,AtCoder,2000.0,1048576.0,,,
p03031,AtCoder Beginner Contest 128 - Switches,AtCoder,2000.0,1048576.0,,,
p03032,AtCoder Beginner Contest 128 - equeue,AtCoder,2000.0,1048576.0,,,
p03033,AtCoder Beginner Contest 128 - Roadwork,AtCoder,2000.0,1048576.0,,,
p03034,AtCoder Beginner Contest 128 - Frog Jump,AtCoder,2000.0,1048576.0,,,
p03035,AtCoder Beginner Contest 127 - Ferris Wheel,AtCoder,2000.0,1048576.0,,,
p03036,AtCoder Beginner Contest 127 - Algae,AtCoder,2000.0,1048576.0,,,
p03037,AtCoder Beginner Contest 127 - Prison,AtCoder,2000.0,1048576.0,,,
p03038,AtCoder Beginner Contest 127 - Integer Cards,AtCoder,2000.0,1048576.0,,,
p03039,AtCoder Beginner Contest 127 - Cell Distance,AtCoder,2000.0,1048576.0,,,
p03040,AtCoder Beginner Contest 127 - Absolute Minima,AtCoder,2000.0,1048576.0,,,
p03041,AtCoder Beginner Contest 126 - Changing a Character,AtCoder,2000.0,1048576.0,,,
p03042,AtCoder Beginner Contest 126 - YYMM or MMYY,AtCoder,2000.0,1048576.0,,,
p03043,AtCoder Beginner Contest 126 - Dice and Coin,AtCoder,2000.0,1048576.0,,,
p03044,AtCoder Beginner Contest 126 - Even Relation,AtCoder,2000.0,1048576.0,,,
p03045,AtCoder Beginner Contest 126 - 1 or 2,AtCoder,2000.0,1048576.0,,,
p03046,AtCoder Beginner Contest 126 - XOR Matching,AtCoder,2000.0,1048576.0,,,
p03059,AtCoder Beginner Contest 125 - Biscuit Generator,AtCoder,2000.0,1048576.0,,,
p03060,AtCoder Beginner Contest 125 - Resale,AtCoder,2000.0,1048576.0,,,
p03061,AtCoder Beginner Contest 125 - GCD on Blackboard,AtCoder,2000.0,1048576.0,,,
p03062,AtCoder Beginner Contest 125 - Flipping Signs,AtCoder,2000.0,1048576.0,,,
p03071,AtCoder Beginner Contest 124 - Buttons,AtCoder,2000.0,1048576.0,,,
p03072,AtCoder Beginner Contest 124 - Great Ocean View,AtCoder,2000.0,1048576.0,,,
p03073,AtCoder Beginner Contest 124 - Coloring Colorfully,AtCoder,2000.0,1048576.0,,,
p03074,AtCoder Beginner Contest 124 - Handstand,AtCoder,2000.0,1048576.0,,,
p03075,AtCoder Beginner Contest 123 - Five Antennas,AtCoder,2000.0,1048576.0,,,
p03076,AtCoder Beginner Contest 123 - Five Dishes,AtCoder,2000.0,1048576.0,,,
p03077,AtCoder Beginner Contest 123 - Five Transportations,AtCoder,2000.0,1048576.0,,,
p03078,AtCoder Beginner Contest 123 - Cake 123,AtCoder,2000.0,1048576.0,,,
p03085,AtCoder Beginner Contest 122 - Double Helix,AtCoder,2000.0,1048576.0,,,
p03086,AtCoder Beginner Contest 122 - ATCoder,AtCoder,2000.0,1048576.0,,,
p03087,AtCoder Beginner Contest 122 - GeT AC,AtCoder,2000.0,1048576.0,,,
p03088,AtCoder Beginner Contest 122 - We Like AGC,AtCoder,2000.0,1048576.0,,,
p03101,AtCoder Beginner Contest 121 - White Cells,AtCoder,2000.0,1048576.0,,,
p03102,AtCoder Beginner Contest 121 - Can you solve this?,AtCoder,2000.0,1048576.0,,,
p03103,AtCoder Beginner Contest 121 - Energy Drink Collector,AtCoder,2000.0,1048576.0,,,
p03104,AtCoder Beginner Contest 121 - XOR World,AtCoder,2000.0,1048576.0,,,
p03105,AtCoder Beginner Contest 120 - Favorite Sound,AtCoder,2000.0,1048576.0,,,
p03106,AtCoder Beginner Contest 120 - K-th Common Divisor,AtCoder,2000.0,1048576.0,,,
p03107,AtCoder Beginner Contest 120 - Unification,AtCoder,2000.0,1048576.0,,,
p03108,AtCoder Beginner Contest 120 - Decayed Bridges,AtCoder,2000.0,1048576.0,,,
p03109,AtCoder Beginner Contest 119 - Still TBD,AtCoder,2000.0,1048576.0,,,
p03110,AtCoder Beginner Contest 119 - Digital Gifts,AtCoder,2000.0,1048576.0,,,
p03111,AtCoder Beginner Contest 119 - Synthetic Kadomatsu,AtCoder,2000.0,1048576.0,,,
p03112,AtCoder Beginner Contest 119 - Lazy Faith,AtCoder,2000.0,1048576.0,,,
p03125,AtCoder Beginner Contest 118 - B +/- A,AtCoder,2000.0,1048576.0,,,
p03126,AtCoder Beginner Contest 118 - Foods Loved by Everyone,AtCoder,2000.0,1048576.0,,,
p03127,AtCoder Beginner Contest 118 - Monsters Battle Royale,AtCoder,2000.0,1048576.0,,,
p03128,AtCoder Beginner Contest 118 - Match Matching,AtCoder,2000.0,1048576.0,,,
p03135,AtCoder Beginner Contest 117 - Entrance Examination,AtCoder,2000.0,1048576.0,,,
p03136,AtCoder Beginner Contest 117 - Polygon,AtCoder,2000.0,1048576.0,,,
p03137,AtCoder Beginner Contest 117 - Streamline,AtCoder,2000.0,1048576.0,,,
p03138,AtCoder Beginner Contest 117 - XXOR,AtCoder,2000.0,1048576.0,,,
p03145,AtCoder Beginner Contest 116 - Right Triangle,AtCoder,2000.0,1048576.0,,,
p03146,AtCoder Beginner Contest 116 - Collatz Problem,AtCoder,2000.0,1048576.0,,,
p03147,AtCoder Beginner Contest 116 - Grand Garden,AtCoder,2000.0,1048576.0,,,
p03148,AtCoder Beginner Contest 116 - Various Sushi,AtCoder,2000.0,1048576.0,,,
p03206,AtCoder Beginner Contest 115 - Christmas Eve Eve Eve,AtCoder,2000.0,1048576.0,,,
p03207,AtCoder Beginner Contest 115 - Christmas Eve Eve,AtCoder,2000.0,1048576.0,,,
p03208,AtCoder Beginner Contest 115 - Christmas Eve,AtCoder,2000.0,1048576.0,,,
p03209,AtCoder Beginner Contest 115 - Christmas,AtCoder,2000.0,1048576.0,,,
p03210,AtCoder Beginner Contest 114 - 753,AtCoder,2000.0,1048576.0,,,
p03211,AtCoder Beginner Contest 114 - 754,AtCoder,2000.0,1048576.0,,,
p03212,AtCoder Beginner Contest 114 - 755,AtCoder,2000.0,1048576.0,,,
p03213,AtCoder Beginner Contest 114 - 756,AtCoder,2000.0,1048576.0,,,
p03219,AtCoder Beginner Contest 113 - Discount Fare,AtCoder,2000.0,1048576.0,,,
p03220,AtCoder Beginner Contest 113 - Palace,AtCoder,2000.0,1048576.0,,,
p03221,AtCoder Beginner Contest 113 - ID,AtCoder,2000.0,1048576.0,,,
p03222,AtCoder Beginner Contest 113 - Number of Amidakuji,AtCoder,2000.0,1048576.0,,,
p03238,AtCoder Beginner Contest 112 - Programming Education,AtCoder,2000.0,1048576.0,,,
p03239,AtCoder Beginner Contest 112 - Time Limit Exceeded,AtCoder,2000.0,1048576.0,,,
p03240,AtCoder Beginner Contest 112 - Pyramid,AtCoder,3000.0,1048576.0,,,
p03241,AtCoder Beginner Contest 112 - Partition,AtCoder,2000.0,1048576.0,,,
p03242,AtCoder Beginner Contest 111 - AtCoder Beginner Contest 999,AtCoder,2000.0,1048576.0,,,
p03243,AtCoder Beginner Contest 111 - AtCoder Beginner Contest 111,AtCoder,2000.0,1048576.0,,,
p03244,AtCoder Beginner Contest 111 - /\/\/\/,AtCoder,2000.0,1048576.0,,,
p03245,AtCoder Beginner Contest 111 - Robot Arms,AtCoder,2000.0,1048576.0,,,
p03250,AtCoder Beginner Contest 110 - Maximize the Formula,AtCoder,2000.0,1048576.0,,,
p03251,AtCoder Beginner Contest 110 - 1 Dimensional World's Tale,AtCoder,2000.0,1048576.0,,,
p03252,AtCoder Beginner Contest 110 - String Transformation,AtCoder,2000.0,1048576.0,,,
p03253,AtCoder Beginner Contest 110 - Factorization,AtCoder,2000.0,1048576.0,,,
p03260,AtCoder Beginner Contest 109 - ABC333,AtCoder,2000.0,1048576.0,,,
p03261,AtCoder Beginner Contest 109 - Shiritori,AtCoder,2000.0,1048576.0,,,
p03262,AtCoder Beginner Contest 109 - Skip,AtCoder,2000.0,1048576.0,,,
p03263,AtCoder Beginner Contest 109 - Make Them Even,AtCoder,2000.0,1048576.0,,,
p03264,AtCoder Beginner Contest 108 - Pair,AtCoder,2000.0,1048576.0,,,
p03265,AtCoder Beginner Contest 108 - Ruined Square,AtCoder,2000.0,1048576.0,,,
p03266,AtCoder Beginner Contest 108 - Triangular Relationship,AtCoder,2000.0,1048576.0,,,
p03267,AtCoder Beginner Contest 108 - All Your Paths are Different Lengths,AtCoder,2000.0,1048576.0,,,
p03272,AtCoder Beginner Contest 107 - Train,AtCoder,2000.0,1048576.0,,,
p03273,AtCoder Beginner Contest 107 - Grid Compression,AtCoder,2000.0,1048576.0,,,
p03274,AtCoder Beginner Contest 107 - Candles,AtCoder,2000.0,1048576.0,,,
p03275,AtCoder Beginner Contest 107 - Median of Medians,AtCoder,2000.0,1048576.0,,,
p03280,AtCoder Beginner Contest 106 - Garden,AtCoder,2000.0,1024000.0,,,
p03281,AtCoder Beginner Contest 106 - 105,AtCoder,2000.0,1024000.0,,,
p03282,AtCoder Beginner Contest 106 - To Infinity,AtCoder,2000.0,1024000.0,,,
p03283,AtCoder Beginner Contest 106 - AtCoder Express 2,AtCoder,3000.0,1024000.0,,,
p03284,AtCoder Beginner Contest 105 - AtCoder Crackers,AtCoder,2000.0,1048576.0,,,
p03285,AtCoder Beginner Contest 105 - Cakes and Donuts,AtCoder,2000.0,1048576.0,,,
p03286,AtCoder Beginner Contest 105 - Base -2 Number,AtCoder,2000.0,1048576.0,,,
p03287,AtCoder Beginner Contest 105 - Candy Distribution,AtCoder,2000.0,1048576.0,,,
p03288,AtCoder Beginner Contest 104 - Rated for Me,AtCoder,2000.0,1048576.0,,,
p03289,AtCoder Beginner Contest 104 - AcCepted,AtCoder,2000.0,1048576.0,,,
p03290,AtCoder Beginner Contest 104 - All Green,AtCoder,2000.0,1048576.0,,,
p03291,AtCoder Beginner Contest 104 - We Love ABC,AtCoder,2000.0,1048576.0,,,
p03292,AtCoder Beginner Contest 103 - Task Scheduling Problem,AtCoder,2000.0,1048576.0,,,
p03293,AtCoder Beginner Contest 103 - String Rotation,AtCoder,2000.0,1048576.0,,,
p03294,AtCoder Beginner Contest 103 - Modulo Summation,AtCoder,2000.0,1048576.0,,,
p03295,AtCoder Beginner Contest 103 - Islands War,AtCoder,2000.0,1048576.0,,,
p03307,AtCoder Beginner Contest 102 - Multiple of 2 and N,AtCoder,2000.0,1048576.0,,,
p03308,AtCoder Beginner Contest 102 - Maximum Difference,AtCoder,2000.0,1048576.0,,,
p03309,AtCoder Beginner Contest 102 - Linear Approximation,AtCoder,2000.0,1048576.0,,,
p03310,AtCoder Beginner Contest 102 - Equal Cut,AtCoder,2000.0,1048576.0,,,
p03315,AtCoder Beginner Contest 101 - Eating Symbols Easy,AtCoder,2000.0,1048576.0,,,
p03316,AtCoder Beginner Contest 101 - Digit Sums,AtCoder,2000.0,1048576.0,,,
p03317,AtCoder Beginner Contest 101 - Minimization,AtCoder,2000.0,1048576.0,,,
p03318,AtCoder Beginner Contest 101 - Snuke Numbers,AtCoder,2000.0,1048576.0,,,
p03323,AtCoder Beginner Contest 100 - Happy Birthday!,AtCoder,2000.0,1024000.0,,,
p03324,AtCoder Beginner Contest 100 - Ringo's Favorite Numbers,AtCoder,2000.0,1024000.0,,,
p03325,AtCoder Beginner Contest 100 - *3 or /2,AtCoder,2000.0,1024000.0,,,
p03326,AtCoder Beginner Contest 100 - Patisserie ABC,AtCoder,2000.0,1024000.0,,,
p03327,AtCoder Beginner Contest 099 - ABD,AtCoder,2000.0,262144.0,,,
p03328,AtCoder Beginner Contest 099 - Stone Monument,AtCoder,2000.0,262144.0,,,
p03329,AtCoder Beginner Contest 099 - Strange Bank,AtCoder,2000.0,262144.0,,,
p03330,AtCoder Beginner Contest 099 - Good Grid,AtCoder,2000.0,262144.0,,,
p03337,AtCoder Beginner Contest 098 - Add Sub Mul,AtCoder,2000.0,1048576.0,,,
p03338,AtCoder Beginner Contest 098 - Cut and Count,AtCoder,2000.0,1048576.0,,,
p03339,AtCoder Beginner Contest 098 - Attention,AtCoder,2000.0,1048576.0,,,
p03340,AtCoder Beginner Contest 098 - Xor Sum 2,AtCoder,2000.0,1048576.0,,,
p03351,AtCoder Beginner Contest 097 - Colorful Transceivers,AtCoder,2000.0,1048576.0,,,
p03352,AtCoder Beginner Contest 097 - Exponential,AtCoder,2000.0,1048576.0,,,
p03353,AtCoder Beginner Contest 097 - K-th Substring,AtCoder,2000.0,1048576.0,,,
p03354,AtCoder Beginner Contest 097 - Equals,AtCoder,2000.0,1048576.0,,,
p03359,AtCoder Beginner Contest 096 - Day of Takahashi,AtCoder,2000.0,262144.0,,,
p03360,AtCoder Beginner Contest 096 - Maximum Sum,AtCoder,2000.0,262144.0,,,
p03361,AtCoder Beginner Contest 096 - Grid Repainting 2,AtCoder,2000.0,262144.0,,,
p03362,AtCoder Beginner Contest 096 - Five  Five Everywhere,AtCoder,2000.0,262144.0,,,
p03369,AtCoder Beginner Contest 095 - Something on It,AtCoder,2000.0,262144.0,,,
p03370,AtCoder Beginner Contest 095 - Bitter Alchemy,AtCoder,2000.0,262144.0,,,
p03371,AtCoder Beginner Contest 095 - Half and Half,AtCoder,2000.0,262144.0,,,
p03372,AtCoder Beginner Contest 095 - Static Sushi,AtCoder,2000.0,262144.0,,,
p03377,AtCoder Beginner Contest 094 - Cats and Dogs,AtCoder,2000.0,262144.0,,,
p03378,AtCoder Beginner Contest 094 - Toll Gates,AtCoder,2000.0,262144.0,,,
p03379,AtCoder Beginner Contest 094 - Many Medians,AtCoder,2000.0,262144.0,,,
p03380,AtCoder Beginner Contest 094 - Binomial Coefficients,AtCoder,2000.0,262144.0,,,
p03385,AtCoder Beginner Contest 093 - abc of ABC,AtCoder,2000.0,262144.0,,,
p03386,AtCoder Beginner Contest 093 - Small and Large Integers,AtCoder,2000.0,262144.0,,,
p03387,AtCoder Beginner Contest 093 - Same Integers,AtCoder,2000.0,262144.0,,,
p03388,AtCoder Beginner Contest 093 - Worst Case,AtCoder,2000.0,262144.0,,,
p03399,AtCoder Beginner Contest 092 - Traveling Budget,AtCoder,2000.0,262144.0,,,
p03400,AtCoder Beginner Contest 092 - Chocolate,AtCoder,2000.0,262144.0,,,
p03401,AtCoder Beginner Contest 092 - Traveling Plan,AtCoder,2000.0,262144.0,,,
p03402,AtCoder Beginner Contest 092 - Grid Components,AtCoder,2000.0,262144.0,,,
p03407,AtCoder Beginner Contest 091 - Two Coins,AtCoder,2000.0,262144.0,,,
p03408,AtCoder Beginner Contest 091 - Two Colors Card Game,AtCoder,2000.0,262144.0,,,
p03409,AtCoder Beginner Contest 091 - 2D Plane 2N Points,AtCoder,2000.0,262144.0,,,
p03410,AtCoder Beginner Contest 091 - Two Sequences,AtCoder,3000.0,262144.0,,,
p03415,AtCoder Beginner Contest 090 - Diagonal String,AtCoder,2000.0,262144.0,,,
p03416,AtCoder Beginner Contest 090 - Palindromic Numbers,AtCoder,2000.0,262144.0,,,
p03417,AtCoder Beginner Contest 090 - Flip Flip  and Flip......,AtCoder,2000.0,262144.0,,,
p03418,AtCoder Beginner Contest 090 - Remainder Reminder,AtCoder,2000.0,262144.0,,,
p03423,AtCoder Beginner Contest 089 - Grouping 2,AtCoder,2000.0,262144.0,,,
p03424,AtCoder Beginner Contest 089 - Hina Arare,AtCoder,2000.0,262144.0,,,
p03425,AtCoder Beginner Contest 089 - March,AtCoder,2000.0,262144.0,,,
p03426,AtCoder Beginner Contest 089 - Practical Skill Test,AtCoder,2000.0,262144.0,,,
p03433,AtCoder Beginner Contest 088 - Infinite Coins,AtCoder,2000.0,262144.0,,,
p03434,AtCoder Beginner Contest 088 - Card Game for Two,AtCoder,2000.0,262144.0,,,
p03435,AtCoder Beginner Contest 088 - Takahashi's Information,AtCoder,2000.0,262144.0,,,
p03436,AtCoder Beginner Contest 088 - Grid Repainting,AtCoder,2000.0,262144.0,,,
p03447,AtCoder Beginner Contest 087 - Buying Sweets,AtCoder,2000.0,262144.0,,,
p03448,AtCoder Beginner Contest 087 - Coins,AtCoder,2000.0,262144.0,,,
p03449,AtCoder Beginner Contest 087 - Candies,AtCoder,2000.0,262144.0,,,
p03450,AtCoder Beginner Contest 087 - People on a Line,AtCoder,2000.0,262144.0,,,
p03455,AtCoder Beginner Contest 086 - Product,AtCoder,2000.0,262144.0,,,
p03456,AtCoder Beginner Contest 086 - 1 21,AtCoder,2000.0,262144.0,,,
p03457,AtCoder Beginner Contest 086 - Traveling,AtCoder,2000.0,262144.0,,,
p03458,AtCoder Beginner Contest 086 - Checker,AtCoder,2000.0,262144.0,,,
p03469,AtCoder Beginner Contest 085 - Already 2018,AtCoder,2000.0,262144.0,,,
p03470,AtCoder Beginner Contest 085 - Kagami Mochi,AtCoder,2000.0,262144.0,,,
p03471,AtCoder Beginner Contest 085 - Otoshidama,AtCoder,2000.0,262144.0,,,
p03472,AtCoder Beginner Contest 085 - Katana Thrower,AtCoder,2000.0,262144.0,,,
p03473,AtCoder Beginner Contest 084 - New Year,AtCoder,2000.0,262144.0,,,
p03474,AtCoder Beginner Contest 084 - Postal Code,AtCoder,2000.0,262144.0,,,
p03475,AtCoder Beginner Contest 084 - Special Trains,AtCoder,3000.0,262144.0,,,
p03476,AtCoder Beginner Contest 084 - 2017-like Number,AtCoder,2000.0,262144.0,,,
p03477,AtCoder Beginner Contest 083 - Libra,AtCoder,2000.0,262144.0,,,
p03478,AtCoder Beginner Contest 083 - Some Sums,AtCoder,2000.0,262144.0,,,
p03479,AtCoder Beginner Contest 083 - Multiple Gift,AtCoder,2000.0,262144.0,,,
p03480,AtCoder Beginner Contest 083 - Wide Flip,AtCoder,2000.0,262144.0,,,
p03485,AtCoder Beginner Contest 082 - Round Up the Mean,AtCoder,2000.0,262144.0,,,
p03486,AtCoder Beginner Contest 082 - Two Anagrams,AtCoder,2000.0,262144.0,,,
p03487,AtCoder Beginner Contest 082 - Good Sequence,AtCoder,2000.0,262144.0,,,
p03488,AtCoder Beginner Contest 082 - FT Robot,AtCoder,2000.0,524288.0,,,
p03493,AtCoder Beginner Contest 081 - Placing Marbles,AtCoder,2000.0,262144.0,,,
p03494,AtCoder Beginner Contest 081 - Shift only,AtCoder,2000.0,262144.0,,,
p03495,AtCoder Beginner Contest 081 - Not so Diverse,AtCoder,2000.0,262144.0,,,
p03496,AtCoder Beginner Contest 081 - Non-decreasing,AtCoder,2000.0,262144.0,,,
p03501,AtCoder Beginner Contest 080 - Parking,AtCoder,2000.0,262144.0,,,
p03502,AtCoder Beginner Contest 080 - Harshad Number,AtCoder,2000.0,262144.0,,,
p03503,AtCoder Beginner Contest 080 - Shopping Street,AtCoder,2000.0,262144.0,,,
p03504,AtCoder Beginner Contest 080 - Recording,AtCoder,2000.0,262144.0,,,
p03543,AtCoder Beginner Contest 079 - Good Integer,AtCoder,2000.0,262144.0,,,
p03544,AtCoder Beginner Contest 079 - Lucas Number,AtCoder,2000.0,262144.0,,,
p03545,AtCoder Beginner Contest 079 - Train Ticket,AtCoder,2000.0,262144.0,,,
p03546,AtCoder Beginner Contest 079 - Wall,AtCoder,2000.0,262144.0,,,
p03547,AtCoder Beginner Contest 078 - HEX,AtCoder,2000.0,262144.0,,,
p03548,AtCoder Beginner Contest 078 - ISU,AtCoder,2000.0,262144.0,,,
p03549,AtCoder Beginner Contest 078 - HSI,AtCoder,2000.0,262144.0,,,
p03550,AtCoder Beginner Contest 078 - ABS,AtCoder,2000.0,262144.0,,,
p03555,AtCoder Beginner Contest 077 - Rotation,AtCoder,2000.0,262144.0,,,
p03556,AtCoder Beginner Contest 077 - Around Square,AtCoder,2000.0,262144.0,,,
p03557,AtCoder Beginner Contest 077 - Snuke Festival,AtCoder,2000.0,262144.0,,,
p03558,AtCoder Beginner Contest 077 - Small Multiple,AtCoder,2000.0,262144.0,,,
p03563,AtCoder Beginner Contest 076 - Rating Goal,AtCoder,2000.0,262144.0,,,
p03564,AtCoder Beginner Contest 076 - Addition and Multiplication,AtCoder,2000.0,262144.0,,,
p03565,AtCoder Beginner Contest 076 - Dubious Document 2,AtCoder,2000.0,262144.0,,,
p03566,AtCoder Beginner Contest 076 - AtCoder Express,AtCoder,2000.0,262144.0,,,
p03573,AtCoder Beginner Contest 075 - One out of Three,AtCoder,2000.0,262144.0,,,
p03574,AtCoder Beginner Contest 075 - Minesweeper,AtCoder,2000.0,262144.0,,,
p03575,AtCoder Beginner Contest 075 - Bridge,AtCoder,2000.0,262144.0,,,
p03576,AtCoder Beginner Contest 075 - Axis-Parallel Rectangle,AtCoder,2000.0,262144.0,,,
p03597,AtCoder Beginner Contest 074 - Bichrome Cells,AtCoder,2000.0,262144.0,,,
p03598,AtCoder Beginner Contest 074 - Collecting Balls (Easy Version),AtCoder,2000.0,262144.0,,,
p03599,AtCoder Beginner Contest 074 - Sugar Water,AtCoder,3000.0,262144.0,,,
p03600,AtCoder Beginner Contest 074 - Restoring Road Network,AtCoder,2000.0,262144.0,,,
p03605,AtCoder Beginner Contest 073 - September 9,AtCoder,2000.0,262144.0,,,
p03606,AtCoder Beginner Contest 073 - Theater,AtCoder,2000.0,262144.0,,,
p03607,AtCoder Beginner Contest 073 - Write and Erase,AtCoder,2000.0,262144.0,,,
p03608,AtCoder Beginner Contest 073 - joisino's travel,AtCoder,2000.0,262144.0,,,
p03609,AtCoder Beginner Contest 072 - Sandglass2,AtCoder,2000.0,262144.0,,,
p03610,AtCoder Beginner Contest 072 - OddString,AtCoder,2000.0,262144.0,,,
p03611,AtCoder Beginner Contest 072 - Together,AtCoder,2000.0,262144.0,,,
p03612,AtCoder Beginner Contest 072 - Derangement,AtCoder,2000.0,262144.0,,,
p03623,AtCoder Beginner Contest 071 - Meal Delivery,AtCoder,2000.0,262144.0,,,
p03624,AtCoder Beginner Contest 071 - Not Found,AtCoder,2000.0,262144.0,,,
p03625,AtCoder Beginner Contest 071 - Make a Rectangle,AtCoder,2000.0,262144.0,,,
p03626,AtCoder Beginner Contest 071 - Coloring Dominoes,AtCoder,2000.0,262144.0,,,
p03631,AtCoder Beginner Contest 070 - Palindromic Number,AtCoder,2000.0,262144.0,,,
p03632,AtCoder Beginner Contest 070 - Two Switches,AtCoder,2000.0,262144.0,,,
p03633,AtCoder Beginner Contest 070 - Multiple Clocks,AtCoder,2000.0,262144.0,,,
p03634,AtCoder Beginner Contest 070 - Transit Tree Path,AtCoder,2000.0,262144.0,,,
p03635,AtCoder Beginner Contest 069 - K-City,AtCoder,2000.0,262144.0,,,
p03636,AtCoder Beginner Contest 069 - i18n,AtCoder,2000.0,262144.0,,,
p03637,AtCoder Beginner Contest 069 - 4-adjacent,AtCoder,2000.0,262144.0,,,
p03638,AtCoder Beginner Contest 069 - Grid Coloring,AtCoder,2000.0,262144.0,,,
p03643,AtCoder Beginner Contest 068 - ABCxxx,AtCoder,2000.0,262144.0,,,
p03644,AtCoder Beginner Contest 068 - Break Number,AtCoder,2000.0,262144.0,,,
p03645,AtCoder Beginner Contest 068 - Cat Snuke and a Voyage,AtCoder,2000.0,262144.0,,,
p03646,AtCoder Beginner Contest 068 - Decrease (Contestant ver.),AtCoder,2000.0,262144.0,,,
p03657,AtCoder Beginner Contest 067 - Sharing Cookies,AtCoder,2000.0,262144.0,,,
p03658,AtCoder Beginner Contest 067 - Snake Toy,AtCoder,2000.0,262144.0,,,
p03659,AtCoder Beginner Contest 067 - Splitting Pile,AtCoder,2000.0,262144.0,,,
p03660,AtCoder Beginner Contest 067 - Fennec VS. Snuke,AtCoder,2000.0,262144.0,,,
p03671,AtCoder Beginner Contest 066 - ringring,AtCoder,2000.0,262144.0,,,
p03672,AtCoder Beginner Contest 066 - ss,AtCoder,2000.0,262144.0,,,
p03673,AtCoder Beginner Contest 066 - pushpush,AtCoder,2000.0,262144.0,,,
p03674,AtCoder Beginner Contest 066 - 11,AtCoder,2000.0,262144.0,,,
p03679,AtCoder Beginner Contest 065 - Expired?,AtCoder,2000.0,262144.0,,,
p03680,AtCoder Beginner Contest 065 - Trained?,AtCoder,2000.0,262144.0,,,
p03681,AtCoder Beginner Contest 065 - Reconciled?,AtCoder,2000.0,262144.0,,,
p03682,AtCoder Beginner Contest 065 - Built?,AtCoder,2000.0,262144.0,,,
p03693,AtCoder Beginner Contest 064 - RGB Cards,AtCoder,2000.0,262144.0,,,
p03694,AtCoder Beginner Contest 064 - Traveling AtCoDeer Problem,AtCoder,2000.0,262144.0,,,
p03695,AtCoder Beginner Contest 064 - Colorful Leaderboard,AtCoder,2000.0,262144.0,,,
p03696,AtCoder Beginner Contest 064 - Insertion,AtCoder,2000.0,262144.0,,,
p03697,AtCoder Beginner Contest 063 - Restricted,AtCoder,2000.0,262144.0,,,
p03698,AtCoder Beginner Contest 063 - Varied,AtCoder,2000.0,262144.0,,,
p03699,AtCoder Beginner Contest 063 - Bugged,AtCoder,2000.0,262144.0,,,
p03700,AtCoder Beginner Contest 063 - Widespread,AtCoder,2000.0,262144.0,,,
p03711,AtCoder Beginner Contest 062 - Grouping,AtCoder,2000.0,262144.0,,,
p03712,AtCoder Beginner Contest 062 - Picture Frame,AtCoder,2000.0,262144.0,,,
p03713,AtCoder Beginner Contest 062 - Chocolate Bar,AtCoder,2000.0,262144.0,,,
p03714,AtCoder Beginner Contest 062 - 3N Numbers,AtCoder,2000.0,262144.0,,,
p03719,AtCoder Beginner Contest 061 - Between Two Integers,AtCoder,2000.0,262144.0,,,
p03720,AtCoder Beginner Contest 061 - Counting Roads,AtCoder,2000.0,262144.0,,,
p03721,AtCoder Beginner Contest 061 - Big Array,AtCoder,2000.0,262144.0,,,
p03722,AtCoder Beginner Contest 061 - Score Attack,AtCoder,2000.0,262144.0,,,
p03729,AtCoder Beginner Contest 060 - Shiritori,AtCoder,2000.0,262144.0,,,
p03730,AtCoder Beginner Contest 060 - Choose Integers,AtCoder,2000.0,262144.0,,,
p03731,AtCoder Beginner Contest 060 - Sentou,AtCoder,2000.0,262144.0,,,
p03732,AtCoder Beginner Contest 060 - Simple Knapsack,AtCoder,2000.0,262144.0,,,
p03737,AtCoder Beginner Contest 059 - Three-letter acronym,AtCoder,2000.0,262144.0,,,
p03738,AtCoder Beginner Contest 059 - Comparison,AtCoder,2000.0,262144.0,,,
p03739,AtCoder Beginner Contest 059 - Sequence,AtCoder,2000.0,262144.0,,,
p03740,AtCoder Beginner Contest 059 - Alice&Brown,AtCoder,2000.0,262144.0,,,
p03759,AtCoder Beginner Contest 058 - ι⊥l,AtCoder,2000.0,262144.0,,,
p03760,AtCoder Beginner Contest 058 - ∵∴∵,AtCoder,2000.0,262144.0,,,
p03761,AtCoder Beginner Contest 058 - Dubious Document,AtCoder,2000.0,262144.0,,,
p03762,AtCoder Beginner Contest 058 - ###,AtCoder,2000.0,262144.0,,,
p03773,AtCoder Beginner Contest 057 - Remaining Time,AtCoder,2000.0,262144.0,,,
p03774,AtCoder Beginner Contest 057 - Checkpoints,AtCoder,2000.0,262144.0,,,
p03775,AtCoder Beginner Contest 057 - Digits in Multiplication,AtCoder,2000.0,262144.0,,,
p03776,AtCoder Beginner Contest 057 - Maximum Average Sets,AtCoder,2000.0,262144.0,,,
p03777,AtCoder Beginner Contest 056 - HonestOrDishonest,AtCoder,2000.0,262144.0,,,
p03778,AtCoder Beginner Contest 056 - NarrowRectanglesEasy,AtCoder,2000.0,262144.0,,,
p03779,AtCoder Beginner Contest 056 - Go Home,AtCoder,2000.0,262144.0,,,
p03780,AtCoder Beginner Contest 056 - No Need,AtCoder,2000.0,262144.0,,,
p03795,AtCoder Beginner Contest 055 - Restaurant,AtCoder,2000.0,262144.0,,,
p03796,AtCoder Beginner Contest 055 - Training Camp,AtCoder,2000.0,262144.0,,,
p03797,AtCoder Beginner Contest 055 - Scc Puzzle,AtCoder,2000.0,262144.0,,,
p03798,AtCoder Beginner Contest 055 - Menagerie,AtCoder,2000.0,262144.0,,,
p03803,AtCoder Beginner Contest 054 - One Card Poker,AtCoder,2000.0,262144.0,,,
p03804,AtCoder Beginner Contest 054 - Template Matching,AtCoder,2000.0,262144.0,,,
p03805,AtCoder Beginner Contest 054 - One-stroke Path,AtCoder,2000.0,262144.0,,,
p03806,AtCoder Beginner Contest 054 - Mixing Experiment,AtCoder,2000.0,262144.0,,,
p03813,AtCoder Beginner Contest 053 - ABC/ARC,AtCoder,2000.0,262144.0,,,
p03814,AtCoder Beginner Contest 053 - A to Z String,AtCoder,2000.0,262144.0,,,
p03815,AtCoder Beginner Contest 053 - X: Yet Another Die Game,AtCoder,2000.0,262144.0,,,
p03816,AtCoder Beginner Contest 053 - Card Eater,AtCoder,2000.0,262144.0,,,
p03826,AtCoder Beginner Contest 052 - Two Rectangles,AtCoder,2000.0,262144.0,,,
p03827,AtCoder Beginner Contest 052 - Increment Decrement,AtCoder,2000.0,262144.0,,,
p03828,AtCoder Beginner Contest 052 - Factors of Factorial,AtCoder,2000.0,262144.0,,,
p03829,AtCoder Beginner Contest 052 - Walk and Teleport,AtCoder,2000.0,262144.0,,,
p03834,AtCoder Beginner Contest 051 - Haiku,AtCoder,2000.0,262144.0,,,
p03835,AtCoder Beginner Contest 051 - Sum of Three Integers,AtCoder,2000.0,262144.0,,,
p03836,AtCoder Beginner Contest 051 - Back and Forth,AtCoder,2000.0,262144.0,,,
p03837,AtCoder Beginner Contest 051 - Candidates of No Shortest Paths,AtCoder,2000.0,262144.0,,,
p03844,AtCoder Beginner Contest 050 - Addition and Subtraction Easy,AtCoder,2000.0,262144.0,,,
p03845,AtCoder Beginner Contest 050 - Contest with Drinks Easy,AtCoder,2000.0,262144.0,,,
p03846,AtCoder Beginner Contest 050 - Lining Up,AtCoder,2000.0,262144.0,,,
p03847,AtCoder Beginner Contest 050 - Xor Sum,AtCoder,2000.0,262144.0,,,
p03852,AtCoder Beginner Contest 049 - UOIAUAI,AtCoder,2000.0,262144.0,,,
p03853,AtCoder Beginner Contest 049 - Thin,AtCoder,2000.0,262144.0,,,
p03854,AtCoder Beginner Contest 049 - Daydream,AtCoder,2000.0,262144.0,,,
p03855,AtCoder Beginner Contest 049 - Connectivity,AtCoder,2000.0,262144.0,,,
p03860,AtCoder Beginner Contest 048 - AtCoder *** Contest,AtCoder,2000.0,262144.0,,,
p03861,AtCoder Beginner Contest 048 - Between a and b ...,AtCoder,2000.0,262144.0,,,
p03862,AtCoder Beginner Contest 048 - Boxes and Candies,AtCoder,2000.0,262144.0,,,
p03863,AtCoder Beginner Contest 048 - An Ordinary Game,AtCoder,2000.0,262144.0,,,
p03943,AtCoder Beginner Contest 047 - Fighting over Candies,AtCoder,2000.0,262144.0,,,
p03944,AtCoder Beginner Contest 047 - Snuke's Coloring 2 (ABC Edit),AtCoder,2000.0,262144.0,,,
p03945,AtCoder Beginner Contest 047 - 1D Reversi,AtCoder,2000.0,262144.0,,,
p03946,AtCoder Beginner Contest 047 - An Invisible Hand,AtCoder,2000.0,262144.0,,,
p03962,AtCoder Beginner Contest 046 - AtCoDeer and Paint Cans,AtCoder,2000.0,262144.0,,,
p03963,AtCoder Beginner Contest 046 - Painting Balls with AtCoDeer,AtCoder,2000.0,262144.0,,,
p03964,AtCoder Beginner Contest 046 - AtCoDeer and Election Report,AtCoder,2000.0,262144.0,,,
p03965,AtCoder Beginner Contest 046 - AtCoDeer and Rock-Paper,AtCoder,2000.0,262144.0,,,
p03997,AtCoder Beginner Contest 045 - Trapezoids,AtCoder,2000.0,262144.0,,,
p03998,AtCoder Beginner Contest 045 - Card Game for Three (ABC Edit),AtCoder,2000.0,262144.0,,,
p03999,AtCoder Beginner Contest 045 - Many Formulas,AtCoder,2000.0,262144.0,,,
p04000,AtCoder Beginner Contest 045 - Snuke's Coloring,AtCoder,3000.0,262144.0,,,
p04011,AtCoder Beginner Contest 044 - Tak and Hotels (ABC Edit),AtCoder,2000.0,262144.0,,,
p04012,AtCoder Beginner Contest 044 - Beautiful Strings,AtCoder,2000.0,262144.0,,,
p04013,AtCoder Beginner Contest 044 - Tak and Cards,AtCoder,2000.0,262144.0,,,
p04014,AtCoder Beginner Contest 044 - Digit Sum,AtCoder,2000.0,262144.0,,,
p04029,AtCoder Beginner Contest 043 - Children and Candies (ABC Edit),AtCoder,2000.0,262144.0,,,
p04030,AtCoder Beginner Contest 043 - Unhappy Hacking (ABC Edit),AtCoder,2000.0,262144.0,,,
p04031,AtCoder Beginner Contest 043 - Be Together,AtCoder,2000.0,262144.0,,,
p04032,AtCoder Beginner Contest 043 - Unbalanced,AtCoder,2000.0,262144.0,,,
p04043,AtCoder Beginner Contest 042 - Iroha and Haiku (ABC Edition),AtCoder,2000.0,262144.0,,,
p04044,AtCoder Beginner Contest 042 - Iroha Loves Strings (ABC Edition),AtCoder,2000.0,262144.0,,,
p04045,AtCoder Beginner Contest 042 - Iroha's Obsession,AtCoder,2000.0,262144.0,,,
p04046,AtCoder Beginner Contest 042 - Iroha and a Grid,AtCoder,2000.0,262144.0,,,
